[{"capital":"Kabul","continent":"Asia","name":"Afghanistan","population":0,"gdp":0},{"capital":"Tirana","continent":"Europe","name":"Albania","population":0,"gdp":0},{"capital":"Algiers","continent":"Africa","name":"Algeria","population":0,"gdp":0},{"capital":"Andorra la Vella","continent":"Europe","name":"Andorra","population":0,"gdp":0},{"capital":"Luanda","continent":"Africa","name":"Angola","population":0,"gdp":0},{"capital":"Saint John's","continent":"North America","name":"Antigua and Barbuda","population":0,"gdp":0},{"capital":"Buenos Aires","continent":"South America","name":"Argentina","population":0,"gdp":0},{"capital":"Yerevan","continent":"Europe","name":"Armenia","population":0,"gdp":0},{"capital":"Canberra","continent":"Oceana","name":"Australia","population":0,"gdp":0},{"capital":"Vienna","continent":"Europe","name":"Austria","population":0,"gdp":0},{"capital":"Baku","continent":"Europe","name":"Azerbaijan","population":0,"gdp":0},{"capital":"Nassau","continent":"North America","name":"Bahamas","population":0,"gdp":0},{"capital":"Manama","continent":"Asia","name":"Bahrain","population":0,"gdp":0},{"capital":"Dhaka","continent":"Asia","name":"Bangladesh","population":0,"gdp":0},{"capital":"Bridgetown","continent":"North America","name":"Barbados","population":0,"gdp":0},{"capital":"Minsk","continent":"Europe","name":"Belarus","population":0,"gdp":0},{"capital":"Brussels","continent":"Europe","name":"Belgium","population":0,"gdp":0},{"capital":"Belmopan","continent":"North America","name":"Belize","population":0,"gdp":0},{"capital":"Porto Novo","continent":"Africa","name":"Benin","population":0,"gdp":0},{"capital":"Thimphu","continent":"Asia","name":"Bhutan","population":0,"gdp":0},{"capital":"La Paz","continent":"South America","name":"Bolivia","population":0,"gdp":0},{"capital":"Sarajevo","continent":"Europe","name":"Bosnia and Herzegovina","population":0,"gdp":0},{"capital":"Gaborone","continent":"Africa","name":"Botswana","population":0,"gdp":0},{"capital":"Brasilia","continent":"South America","name":"Brazil","population":0,"gdp":0},{"capital":"Bandar Seri Begawan","continent":"Asia","name":"Brunei Darussalam","population":0,"gdp":0},{"capital":"Sofia","continent":"Europe","name":"Bulgaria","population":0,"gdp":0},{"capital":"Ouagadougou","continent":"Africa","name":"Burkina Faso","population":0,"gdp":0},{"capital":"Gitega","continent":"Africa","name":"Burundi","population":0,"gdp":0},{"capital":"Phnom Penh","continent":"Africa","name":"Cabo Verde","population":0,"gdp":0},{"capital":"Yaounde","continent":"Asia","name":"Cambodia","population":0,"gdp":0},{"capital":"Ottawa","continent":"Africa","name":"Cameroon","population":0,"gdp":0},{"capital":"Praia","continent":"North America","name":"Canada","population":0,"gdp":0},{"capital":"Bangui","continent":"Africa","name":"Central African Republic","population":0,"gdp":0},{"capital":"N'Djamena","continent":"Africa","name":"Chad","population":0,"gdp":0},{"capital":"Santiago","continent":"South America","name":"Chile","population":0,"gdp":0},{"capital":"Beijing","continent":"Asia","name":"China","population":0,"gdp":0},{"capital":"Bogota","continent":"South America","name":"Colombia","population":0,"gdp":0},{"capital":"Moroni","continent":"Africa","name":"Comoros","population":0,"gdp":0},{"capital":"Kinshasa","continent":"Africa","name":"Congo","population":0,"gdp":0},{"capital":"Brazzaville","continent":"Oceana","name":"Cook Islands","population":0,"gdp":0},{"capital":"San Jose","continent":"North America","name":"Costa Rica","population":0,"gdp":0},{"capital":"Yamoussoukro","continent":"Africa","name":"Cote dIvoire","population":0,"gdp":0},{"capital":"Zagreb","continent":"Europe","name":"Croatia","population":0,"gdp":0},{"capital":"Havana","continent":"North America","name":"Cuba","population":0,"gdp":0},{"capital":"Nicosia","continent":"Europe","name":"Cyprus","population":0,"gdp":0},{"capital":"Prague","continent":"Europe","name":"Czechia","population":0,"gdp":0},{"capital":"Copenhagen","continent":"Africa","name":"Democratic Republic of Congo","population":0,"gdp":0},{"capital":"Djibouti","continent":"Europe","name":"Denmark","population":0,"gdp":0},{"capital":"Roseau","continent":"Africa","name":"Djibouti","population":0,"gdp":0},{"capital":"Santo Domingo","continent":"North America","name":"Dominica","population":0,"gdp":0},{"capital":"Dili","continent":"North America","name":"Dominican Republic","population":0,"gdp":0},{"capital":"Quito","continent":"South America","name":"Ecuador","population":0,"gdp":0},{"capital":"Cairo","continent":"Africa","name":"Egypt","population":0,"gdp":0},{"capital":"San Salvador","continent":"North America","name":"El Salvador","population":0,"gdp":0},{"capital":"London","continent":"Africa","name":"Equatorial Guinea","population":0,"gdp":0},{"capital":"Malabo","continent":"Africa","name":"Eritrea","population":0,"gdp":0},{"capital":"Asmara","continent":"Europe","name":"Estonia","population":0,"gdp":0},{"capital":"Tallinn","continent":"Africa","name":"Eswatini","population":0,"gdp":0},{"capital":"Mbabana","continent":"Africa","name":"Ethiopia","population":0,"gdp":0},{"capital":"Addis Ababa","continent":"Oceana","name":"Fiji","population":0,"gdp":0},{"capital":"Palikir","continent":"Europe","name":"Finland","population":0,"gdp":0},{"capital":"Suva","continent":"Europe","name":"France","population":0,"gdp":0},{"capital":"Helsinki","continent":"Africa","name":"Gabon","population":0,"gdp":0},{"capital":"Paris","continent":"Africa","name":"Gambia","population":0,"gdp":0},{"capital":"Cayenne","continent":"Europe","name":"Georgia","population":0,"gdp":0},{"capital":"Libreville","continent":"Europe","name":"Germany","population":0,"gdp":0},{"capital":"Banjul","continent":"Africa","name":"Ghana","population":0,"gdp":0},{"capital":"Tbilisi","continent":"Europe","name":"Greece","population":0,"gdp":0},{"capital":"Berlin","continent":"North America","name":"Grenada","population":0,"gdp":0},{"capital":"Accra","continent":"North America","name":"Guatemala","population":0,"gdp":0},{"capital":"Athens","continent":"Africa","name":"Guinea-Bissau","population":0,"gdp":0},{"capital":"Saint George's","continent":"Africa","name":"Guinea","population":0,"gdp":0},{"capital":"Guatemala City","continent":"South America","name":"Guyana","population":0,"gdp":0},{"capital":"Conakry","continent":"North America","name":"Haiti","population":0,"gdp":0},{"capital":"Bissau","continent":"Europe","name":"Holy See","population":0,"gdp":0},{"capital":"Georgetown","continent":"North America","name":"Honduras","population":0,"gdp":0},{"capital":"Port au Prince","continent":"Europe","name":"Hungary","population":0,"gdp":0},{"capital":"Tegucigalpa","continent":"Europe","name":"Iceland","population":0,"gdp":0},{"capital":"Budapest","continent":"Asia","name":"India","population":0,"gdp":0},{"capital":"Reykjavik","continent":"Asia","name":"Indonesia","population":0,"gdp":0},{"capital":"New Delhi","continent":"Asia","name":"Iran","population":0,"gdp":0},{"capital":"Jakarta","continent":"Asia","name":"Iraq","population":0,"gdp":0},{"capital":"Tehran","continent":"Europe","name":"Ireland","population":0,"gdp":0},{"capital":"Baghdad","continent":"Asia","name":"Israel","population":0,"gdp":0},{"capital":"Dublin","continent":"Europe","name":"Italy","population":0,"gdp":0},{"capital":"Tel Aviv","continent":"North America","name":"Jamaica","population":0,"gdp":0},{"capital":"Rome","continent":"Asia","name":"Japan","population":0,"gdp":0},{"capital":"Kingston","continent":"Asia","name":"Jordan","population":0,"gdp":0},{"capital":"Tokyo","continent":"Asia","name":"Kazakhstan","population":0,"gdp":0},{"capital":"Amman","continent":"Africa","name":"Kenya","population":0,"gdp":0},{"capital":"Astana","continent":"Oceana","name":"Kiribati","population":0,"gdp":0},{"capital":"Nairobi","continent":"Europe","name":"Kosovo","population":0,"gdp":0},{"capital":"Tarawa Atoll","continent":"Asia","name":"Kuwait","population":0,"gdp":0},{"capital":"Pristina","continent":"Asia","name":"Kyrgyzstan","population":0,"gdp":0},{"capital":"Kuwait City","continent":"Asia","name":"Lao Peoples Democratic Republic","population":0,"gdp":0},{"capital":"Bishkek","continent":"Europe","name":"Latvia","population":0,"gdp":0},{"capital":"Vientiane","continent":"Asia","name":"Lebanon","population":0,"gdp":0},{"capital":"Riga","continent":"Africa","name":"Lesotho","population":0,"gdp":0},{"capital":"Beirut","continent":"Africa","name":"Liberia","population":0,"gdp":0},{"capital":"Maseru","continent":"Africa","name":"Libya","population":0,"gdp":0},{"capital":"Monrovia","continent":"Europe","name":"Liechtenstein","population":0,"gdp":0},{"capital":"Tripoli","continent":"Europe","name":"Lithuania","population":0,"gdp":0},{"capital":"Vaduz","continent":"Europe","name":"Luxembourg","population":0,"gdp":0},{"capital":"Vilnius","continent":"Africa","name":"Madagascar","population":0,"gdp":0},{"capital":"Luxembourg","continent":"Africa","name":"Malawi","population":0,"gdp":0},{"capital":"Antananarivo","continent":"Asia","name":"Malaysia","population":0,"gdp":0},{"capital":"Lilongwe","continent":"Asia","name":"Maldives","population":0,"gdp":0},{"capital":"Kuala Lumpur","continent":"Africa","name":"Mali","population":0,"gdp":0},{"capital":"Male","continent":"Europe","name":"Malta","population":0,"gdp":0},{"capital":"Bamako","continent":"Europe","name":"Manaco","population":0,"gdp":0},{"capital":"Valletta","continent":"Oceana","name":"Marshall Islands","population":0,"gdp":0},{"capital":"Majuro","continent":"Africa","name":"Mauritania","population":0,"gdp":0},{"capital":"Nouakchott","continent":"Africa","name":"Mauritius","population":0,"gdp":0},{"capital":"Port Louis","continent":"Asia","name":"Mayanmar","population":0,"gdp":0},{"capital":"Mexico City","continent":"North America","name":"Mexico","population":0,"gdp":0},{"capital":"Chisinau","continent":"Oceana","name":"Micronesia","population":0,"gdp":0},{"capital":"Monaco","continent":"Europe","name":"Moldova","population":0,"gdp":0},{"capital":"Ulaanbaatar","continent":"Asia","name":"Mongolia","population":0,"gdp":0},{"capital":"Podgorica","continent":"Europe","name":"Montenegro","population":0,"gdp":0},{"capital":"Rabat","continent":"Africa","name":"Morocco","population":0,"gdp":0},{"capital":"Maputo","continent":"Africa","name":"Mozambique","population":0,"gdp":0},{"capital":"Nay Pyi Taw","continent":"Africa","name":"Nambia","population":0,"gdp":0},{"capital":"Windhoek","continent":"Oceana","name":"Nauru","population":0,"gdp":0},{"capital":"No official capital","continent":"Asia","name":"Nepal","population":0,"gdp":0},{"capital":"Kathmandu","continent":"Europe","name":"Netherlands","population":0,"gdp":0},{"capital":"Amsterdam","continent":"Oceana","name":"New Zealand","population":0,"gdp":0},{"capital":"Wellington","continent":"North America","name":"Nicaragua","population":0,"gdp":0},{"capital":"Managua","continent":"Africa","name":"Niger","population":0,"gdp":0},{"capital":"Niamey","continent":"Africa","name":"Nigeria","population":0,"gdp":0},{"capital":"Abuja","continent":"Oceana","name":"Niue","population":0,"gdp":0},{"capital":"Pyongyang","continent":"Asia","name":"North Korea","population":0,"gdp":0},{"capital":"Skopje","continent":"Europe","name":"North Macedonia","population":0,"gdp":0},{"capital":"Belfast","continent":"Europe","name":"Norway","population":0,"gdp":0},{"capital":"Oslo","continent":"Asia","name":"Oman","population":0,"gdp":0},{"capital":"Muscat","continent":"Asia","name":"Pakistan","population":0,"gdp":0},{"capital":"Islamabad","continent":"Oceana","name":"Palau","population":0,"gdp":0},{"capital":"Melekeok","continent":"Asia","name":"Palestine","population":0,"gdp":0},{"capital":"Panama City","continent":"North America","name":"Panama","population":0,"gdp":0},{"capital":"Port Moresby","continent":"Oceana","name":"Papua New Guinea","population":0,"gdp":0},{"capital":"Asuncion","continent":"South America","name":"Paraguay","population":0,"gdp":0},{"capital":"Lima","continent":"South America","name":"Peru","population":0,"gdp":0},{"capital":"Manila","continent":"Asia","name":"Philippines","population":0,"gdp":0},{"capital":"Warsaw","continent":"Europe","name":"Poland","population":0,"gdp":0},{"capital":"Lisbon","continent":"Europe","name":"Portugal","population":0,"gdp":0},{"capital":"Doha","continent":"Asia","name":"Qatar","population":0,"gdp":0},{"capital":"Bucharest","continent":"Europe","name":"Romania","population":0,"gdp":0},{"capital":"Moscow","continent":"Asia","name":"Russian Federation","population":0,"gdp":0},{"capital":"Kigali","continent":"Africa","name":"Rwanda","population":0,"gdp":0},{"capital":"Basseterre","continent":"North America","name":"Saint Kitts and Nevis","population":0,"gdp":0},{"capital":"Castries","continent":"North America","name":"Saint Lucia","population":0,"gdp":0},{"capital":"Kingstown","continent":"North America","name":"Saint Vinvent and the Grenadines","population":0,"gdp":0},{"capital":"Apia","continent":"Oceana","name":"Samoa","population":0,"gdp":0},{"capital":"San Marino","continent":"Europe","name":"San Marino","population":0,"gdp":0},{"capital":"Sao Tome","continent":"Africa","name":"Sao Tome and Principe","population":0,"gdp":0},{"capital":"Riyadh","continent":"Asia","name":"Saudi Arabia","population":0,"gdp":0},{"capital":"Dakar","continent":"Africa","name":"Sengal","population":0,"gdp":0},{"capital":"Belgrade","continent":"Europe","name":"Serbia","population":0,"gdp":0},{"capital":"Victoria","continent":"Africa","name":"Seychelles","population":0,"gdp":0},{"capital":"Freetown","continent":"Africa","name":"Sierra Leone","population":0,"gdp":0},{"capital":"Singapore","continent":"Asia","name":"Singapore","population":0,"gdp":0},{"capital":"Bratislava","continent":"Europe","name":"Slovakia","population":0,"gdp":0},{"capital":"Ljubljana","continent":"Europe","name":"Slovenia","population":0,"gdp":0},{"capital":"Honiara","continent":"Oceana","name":"Solomon Islands","population":0,"gdp":0},{"capital":"Mogadishu","continent":"Africa","name":"Somalia","population":0,"gdp":0},{"capital":"Pretoria","continent":"Africa","name":"South Africa","population":0,"gdp":0},{"capital":"Seoul","continent":"Asia","name":"South Korea","population":0,"gdp":0},{"capital":"Juba","continent":"Africa","name":"South Sudan","population":0,"gdp":0},{"capital":"Madrid","continent":"Europe","name":"Spain","population":0,"gdp":0},{"capital":"Colombo","continent":"Asia","name":"Sri Lanka","population":0,"gdp":0},{"capital":"Khartoum","continent":"Africa","name":"Sudan","population":0,"gdp":0},{"capital":"Paramaribo","continent":"South America","name":"Suriname","population":0,"gdp":0},{"capital":"Stockholm","continent":"Europe","name":"Sweden","population":0,"gdp":0},{"capital":"Bern","continent":"Europe","name":"Switzerland","population":0,"gdp":0},{"capital":"Damascus","continent":"Asia","name":"Syrian Arab Republic","population":0,"gdp":0},{"capital":"Taipei","continent":"Asia","name":"Taiwan","population":0,"gdp":0},{"capital":"Dushanbe","continent":"Asia","name":"Tajikistan","population":0,"gdp":0},{"capital":"Dodoma","continent":"Africa","name":"Tanzania","population":0,"gdp":0},{"capital":"Bangkok","continent":"Asia","name":"Thailand","population":0,"gdp":0},{"capital":"Dili","continent":"Asia","name":"Timor-Leste","population":0,"gdp":0},{"capital":"Lome","continent":"Africa","name":"Togo","population":0,"gdp":0},{"capital":"Nuku'alofa","continent":"Oceana","name":"Tonga","population":0,"gdp":0},{"capital":"Port of Spain","continent":"North America","name":"Trinidad and Tobago","population":0,"gdp":0},{"capital":"Tunis","continent":"Africa","name":"Tunisia","population":0,"gdp":0},{"capital":"Ankara","continent":"Asia","name":"Turkey","population":0,"gdp":0},{"capital":"Ashgabat","continent":"Asia","name":"Turkmenistan","population":0,"gdp":0},{"capital":"Funafuti","continent":"Oceana","name":"Tuvalu","population":0,"gdp":0},{"capital":"Kampala","continent":"Africa","name":"Uganda","population":0,"gdp":0},{"capital":"Kiev","continent":"Europe","name":"Ukraine","population":0,"gdp":0},{"capital":"Abu Dhabi","continent":"Asia","name":"United Arab Emirates","population":0,"gdp":0},{"capital":"London","continent":"Europe","name":"United Kingdom","population":0,"gdp":0},{"capital":"Washington D.C.","continent":"North America","name":"United States of America","population":0,"gdp":0},{"capital":"Montevideo","continent":"South America","name":"Uruguay","population":0,"gdp":0},{"capital":"Tashkent","continent":"Asia","name":"Uzbekistan","population":0,"gdp":0},{"capital":"Port Vila","continent":"Oceana","name":"Vanuatu","population":0,"gdp":0},{"capital":"Caracas","continent":"South America","name":"Venezuela","population":0,"gdp":0},{"capital":"Hanoi","continent":"Asia","name":"Viet Nam","population":0,"gdp":0},{"capital":"Cardiff","continent":"Africa","name":"Western Sahara","population":0,"gdp":0},{"capital":"Sana'a","continent":"Asia","name":"Yemen","population":0,"gdp":0},{"capital":"Lusaka","continent":"Africa","name":"Zambia","population":0,"gdp":0},{"capital":"Harare","continent":"Africa","name":"Zimbabwe","population":0,"gdp":0}]