{
  "quiz" : {
    "South America" : [ {
      "attributes" : {
        "Continent" : "South America",
        "GDP" : "0",
        "Population" : "0",
        "Capital" : "Buenos Aires",
        "Name" : "Argentina"
      },
      "name" : "Argentina"
    }, {
      "attributes" : {
        "Continent" : "South America",
        "GDP" : "0",
        "Population" : "0",
        "Capital" : "La Paz",
        "Name" : "Bolivia"
      },
      "name" : "Bolivia"
    }, {
      "attributes" : {
        "Continent" : "South America",
        "GDP" : "0",
        "Population" : "0",
        "Capital" : "Brasilia",
        "Name" : "Brazil"
      },
      "name" : "Brazil"
    }, {
      "attributes" : {
        "Continent" : "South America",
        "GDP" : "0",
        "Population" : "0",
        "Capital" : "Santiago",
        "Name" : "Chile"
      },
      "name" : "Chile"
    }, {
      "attributes" : {
        "Continent" : "South America",
        "GDP" : "0",
        "Population" : "0",
        "Capital" : "Bogota",
        "Name" : "Colombia"
      },
      "name" : "Colombia"
    }, {
      "attributes" : {
        "Continent" : "South America",
        "GDP" : "0",
        "Population" : "0",
        "Capital" : "Quito",
        "Name" : "Ecuador"
      },
      "name" : "Ecuador"
    }, {
      "attributes" : {
        "Continent" : "South America",
        "GDP" : "0",
        "Population" : "0",
        "Capital" : "Guatemala City",
        "Name" : "Guyana"
      },
      "name" : "Guyana"
    }, {
      "attributes" : {
        "Continent" : "South America",
        "GDP" : "0",
        "Population" : "0",
        "Capital" : "Asuncion",
        "Name" : "Paraguay"
      },
      "name" : "Paraguay"
    }, {
      "attributes" : {
        "Continent" : "South America",
        "GDP" : "0",
        "Population" : "0",
        "Capital" : "Lima",
        "Name" : "Peru"
      },
      "name" : "Peru"
    }, {
      "attributes" : {
        "Continent" : "South America",
        "GDP" : "0",
        "Population" : "0",
        "Capital" : "Paramaribo",
        "Name" : "Suriname"
      },
      "name" : "Suriname"
    }, {
      "attributes" : {
        "Continent" : "South America",
        "GDP" : "0",
        "Population" : "0",
        "Capital" : "Montevideo",
        "Name" : "Uruguay"
      },
      "name" : "Uruguay"
    }, {
      "attributes" : {
        "Continent" : "South America",
        "GDP" : "0",
        "Population" : "0",
        "Capital" : "Caracas",
        "Name" : "Venezuela"
      },
      "name" : "Venezuela"
    } ],
    "Oceana" : [ {
      "attributes" : {
        "Continent" : "Oceana",
        "GDP" : "0",
        "Population" : "0",
        "Capital" : "Canberra",
        "Name" : "Australia"
      },
      "name" : "Australia"
    }, {
      "attributes" : {
        "Continent" : "Oceana",
        "GDP" : "0",
        "Population" : "0",
        "Capital" : "Brazzaville",
        "Name" : "Cook Islands"
      },
      "name" : "Cook Islands"
    }, {
      "attributes" : {
        "Continent" : "Oceana",
        "GDP" : "0",
        "Population" : "0",
        "Capital" : "Addis Ababa",
        "Name" : "Fiji"
      },
      "name" : "Fiji"
    }, {
      "attributes" : {
        "Continent" : "Oceana",
        "GDP" : "0",
        "Population" : "0",
        "Capital" : "Astana",
        "Name" : "Kiribati"
      },
      "name" : "Kiribati"
    }, {
      "attributes" : {
        "Continent" : "Oceana",
        "GDP" : "0",
        "Population" : "0",
        "Capital" : "Valletta",
        "Name" : "Marshall Islands"
      },
      "name" : "Marshall Islands"
    }, {
      "attributes" : {
        "Continent" : "Oceana",
        "GDP" : "0",
        "Population" : "0",
        "Capital" : "Chisinau",
        "Name" : "Micronesia"
      },
      "name" : "Micronesia"
    }, {
      "attributes" : {
        "Continent" : "Oceana",
        "GDP" : "0",
        "Population" : "0",
        "Capital" : "Windhoek",
        "Name" : "Nauru"
      },
      "name" : "Nauru"
    }, {
      "attributes" : {
        "Continent" : "Oceana",
        "GDP" : "0",
        "Population" : "0",
        "Capital" : "Amsterdam",
        "Name" : "New Zealand"
      },
      "name" : "New Zealand"
    }, {
      "attributes" : {
        "Continent" : "Oceana",
        "GDP" : "0",
        "Population" : "0",
        "Capital" : "Abuja",
        "Name" : "Niue"
      },
      "name" : "Niue"
    }, {
      "attributes" : {
        "Continent" : "Oceana",
        "GDP" : "0",
        "Population" : "0",
        "Capital" : "Islamabad",
        "Name" : "Palau"
      },
      "name" : "Palau"
    }, {
      "attributes" : {
        "Continent" : "Oceana",
        "GDP" : "0",
        "Population" : "0",
        "Capital" : "Port Moresby",
        "Name" : "Papua New Guinea"
      },
      "name" : "Papua New Guinea"
    }, {
      "attributes" : {
        "Continent" : "Oceana",
        "GDP" : "0",
        "Population" : "0",
        "Capital" : "Apia",
        "Name" : "Samoa"
      },
      "name" : "Samoa"
    }, {
      "attributes" : {
        "Continent" : "Oceana",
        "GDP" : "0",
        "Population" : "0",
        "Capital" : "Honiara",
        "Name" : "Solomon Islands"
      },
      "name" : "Solomon Islands"
    }, {
      "attributes" : {
        "Continent" : "Oceana",
        "GDP" : "0",
        "Population" : "0",
        "Capital" : "Nuku'alofa",
        "Name" : "Tonga"
      },
      "name" : "Tonga"
    }, {
      "attributes" : {
        "Continent" : "Oceana",
        "GDP" : "0",
        "Population" : "0",
        "Capital" : "Funafuti",
        "Name" : "Tuvalu"
      },
      "name" : "Tuvalu"
    }, {
      "attributes" : {
        "Continent" : "Oceana",
        "GDP" : "0",
        "Population" : "0",
        "Capital" : "Port Vila",
        "Name" : "Vanuatu"
      },
      "name" : "Vanuatu"
    } ],
    "Asia" : [ {
      "attributes" : {
        "Continent" : "Asia",
        "GDP" : "0",
        "Population" : "0",
        "Capital" : "Kabul",
        "Name" : "Afghanistan"
      },
      "name" : "Afghanistan"
    }, {
      "attributes" : {
        "Continent" : "Asia",
        "GDP" : "0",
        "Population" : "0",
        "Capital" : "Manama",
        "Name" : "Bahrain"
      },
      "name" : "Bahrain"
    }, {
      "attributes" : {
        "Continent" : "Asia",
        "GDP" : "0",
        "Population" : "0",
        "Capital" : "Dhaka",
        "Name" : "Bangladesh"
      },
      "name" : "Bangladesh"
    }, {
      "attributes" : {
        "Continent" : "Asia",
        "GDP" : "0",
        "Population" : "0",
        "Capital" : "Thimphu",
        "Name" : "Bhutan"
      },
      "name" : "Bhutan"
    }, {
      "attributes" : {
        "Continent" : "Asia",
        "GDP" : "0",
        "Population" : "0",
        "Capital" : "Bandar Seri Begawan",
        "Name" : "Brunei Darussalam"
      },
      "name" : "Brunei Darussalam"
    }, {
      "attributes" : {
        "Continent" : "Asia",
        "GDP" : "0",
        "Population" : "0",
        "Capital" : "Yaounde",
        "Name" : "Cambodia"
      },
      "name" : "Cambodia"
    }, {
      "attributes" : {
        "Continent" : "Asia",
        "GDP" : "0",
        "Population" : "0",
        "Capital" : "Beijing",
        "Name" : "China"
      },
      "name" : "China"
    }, {
      "attributes" : {
        "Continent" : "Asia",
        "GDP" : "0",
        "Population" : "0",
        "Capital" : "Budapest",
        "Name" : "India"
      },
      "name" : "India"
    }, {
      "attributes" : {
        "Continent" : "Asia",
        "GDP" : "0",
        "Population" : "0",
        "Capital" : "Reykjavik",
        "Name" : "Indonesia"
      },
      "name" : "Indonesia"
    }, {
      "attributes" : {
        "Continent" : "Asia",
        "GDP" : "0",
        "Population" : "0",
        "Capital" : "New Delhi",
        "Name" : "Iran"
      },
      "name" : "Iran"
    }, {
      "attributes" : {
        "Continent" : "Asia",
        "GDP" : "0",
        "Population" : "0",
        "Capital" : "Jakarta",
        "Name" : "Iraq"
      },
      "name" : "Iraq"
    }, {
      "attributes" : {
        "Continent" : "Asia",
        "GDP" : "0",
        "Population" : "0",
        "Capital" : "Baghdad",
        "Name" : "Israel"
      },
      "name" : "Israel"
    }, {
      "attributes" : {
        "Continent" : "Asia",
        "GDP" : "0",
        "Population" : "0",
        "Capital" : "Rome",
        "Name" : "Japan"
      },
      "name" : "Japan"
    }, {
      "attributes" : {
        "Continent" : "Asia",
        "GDP" : "0",
        "Population" : "0",
        "Capital" : "Kingston",
        "Name" : "Jordan"
      },
      "name" : "Jordan"
    }, {
      "attributes" : {
        "Continent" : "Asia",
        "GDP" : "0",
        "Population" : "0",
        "Capital" : "Tokyo",
        "Name" : "Kazakhstan"
      },
      "name" : "Kazakhstan"
    }, {
      "attributes" : {
        "Continent" : "Asia",
        "GDP" : "0",
        "Population" : "0",
        "Capital" : "Tarawa Atoll",
        "Name" : "Kuwait"
      },
      "name" : "Kuwait"
    }, {
      "attributes" : {
        "Continent" : "Asia",
        "GDP" : "0",
        "Population" : "0",
        "Capital" : "Pristina",
        "Name" : "Kyrgyzstan"
      },
      "name" : "Kyrgyzstan"
    }, {
      "attributes" : {
        "Continent" : "Asia",
        "GDP" : "0",
        "Population" : "0",
        "Capital" : "Kuwait City",
        "Name" : "Lao Peoples Democratic Republic"
      },
      "name" : "Lao Peoples Democratic Republic"
    }, {
      "attributes" : {
        "Continent" : "Asia",
        "GDP" : "0",
        "Population" : "0",
        "Capital" : "Vientiane",
        "Name" : "Lebanon"
      },
      "name" : "Lebanon"
    }, {
      "attributes" : {
        "Continent" : "Asia",
        "GDP" : "0",
        "Population" : "0",
        "Capital" : "Antananarivo",
        "Name" : "Malaysia"
      },
      "name" : "Malaysia"
    }, {
      "attributes" : {
        "Continent" : "Asia",
        "GDP" : "0",
        "Population" : "0",
        "Capital" : "Lilongwe",
        "Name" : "Maldives"
      },
      "name" : "Maldives"
    }, {
      "attributes" : {
        "Continent" : "Asia",
        "GDP" : "0",
        "Population" : "0",
        "Capital" : "Port Louis",
        "Name" : "Mayanmar"
      },
      "name" : "Mayanmar"
    }, {
      "attributes" : {
        "Continent" : "Asia",
        "GDP" : "0",
        "Population" : "0",
        "Capital" : "Ulaanbaatar",
        "Name" : "Mongolia"
      },
      "name" : "Mongolia"
    }, {
      "attributes" : {
        "Continent" : "Asia",
        "GDP" : "0",
        "Population" : "0",
        "Capital" : "No official capital",
        "Name" : "Nepal"
      },
      "name" : "Nepal"
    }, {
      "attributes" : {
        "Continent" : "Asia",
        "GDP" : "0",
        "Population" : "0",
        "Capital" : "Pyongyang",
        "Name" : "North Korea"
      },
      "name" : "North Korea"
    }, {
      "attributes" : {
        "Continent" : "Asia",
        "GDP" : "0",
        "Population" : "0",
        "Capital" : "Oslo",
        "Name" : "Oman"
      },
      "name" : "Oman"
    }, {
      "attributes" : {
        "Continent" : "Asia",
        "GDP" : "0",
        "Population" : "0",
        "Capital" : "Muscat",
        "Name" : "Pakistan"
      },
      "name" : "Pakistan"
    }, {
      "attributes" : {
        "Continent" : "Asia",
        "GDP" : "0",
        "Population" : "0",
        "Capital" : "Melekeok",
        "Name" : "Palestine"
      },
      "name" : "Palestine"
    }, {
      "attributes" : {
        "Continent" : "Asia",
        "GDP" : "0",
        "Population" : "0",
        "Capital" : "Manila",
        "Name" : "Philippines"
      },
      "name" : "Philippines"
    }, {
      "attributes" : {
        "Continent" : "Asia",
        "GDP" : "0",
        "Population" : "0",
        "Capital" : "Doha",
        "Name" : "Qatar"
      },
      "name" : "Qatar"
    }, {
      "attributes" : {
        "Continent" : "Asia",
        "GDP" : "0",
        "Population" : "0",
        "Capital" : "Moscow",
        "Name" : "Russian Federation"
      },
      "name" : "Russian Federation"
    }, {
      "attributes" : {
        "Continent" : "Asia",
        "GDP" : "0",
        "Population" : "0",
        "Capital" : "Riyadh",
        "Name" : "Saudi Arabia"
      },
      "name" : "Saudi Arabia"
    }, {
      "attributes" : {
        "Continent" : "Asia",
        "GDP" : "0",
        "Population" : "0",
        "Capital" : "Singapore",
        "Name" : "Singapore"
      },
      "name" : "Singapore"
    }, {
      "attributes" : {
        "Continent" : "Asia",
        "GDP" : "0",
        "Population" : "0",
        "Capital" : "Seoul",
        "Name" : "South Korea"
      },
      "name" : "South Korea"
    }, {
      "attributes" : {
        "Continent" : "Asia",
        "GDP" : "0",
        "Population" : "0",
        "Capital" : "Colombo",
        "Name" : "Sri Lanka"
      },
      "name" : "Sri Lanka"
    }, {
      "attributes" : {
        "Continent" : "Asia",
        "GDP" : "0",
        "Population" : "0",
        "Capital" : "Damascus",
        "Name" : "Syrian Arab Republic"
      },
      "name" : "Syrian Arab Republic"
    }, {
      "attributes" : {
        "Continent" : "Asia",
        "GDP" : "0",
        "Population" : "0",
        "Capital" : "Taipei",
        "Name" : "Taiwan"
      },
      "name" : "Taiwan"
    }, {
      "attributes" : {
        "Continent" : "Asia",
        "GDP" : "0",
        "Population" : "0",
        "Capital" : "Dushanbe",
        "Name" : "Tajikistan"
      },
      "name" : "Tajikistan"
    }, {
      "attributes" : {
        "Continent" : "Asia",
        "GDP" : "0",
        "Population" : "0",
        "Capital" : "Bangkok",
        "Name" : "Thailand"
      },
      "name" : "Thailand"
    }, {
      "attributes" : {
        "Continent" : "Asia",
        "GDP" : "0",
        "Population" : "0",
        "Capital" : "Dili",
        "Name" : "Timor-Leste"
      },
      "name" : "Timor-Leste"
    }, {
      "attributes" : {
        "Continent" : "Asia",
        "GDP" : "0",
        "Population" : "0",
        "Capital" : "Ankara",
        "Name" : "Turkey"
      },
      "name" : "Turkey"
    }, {
      "attributes" : {
        "Continent" : "Asia",
        "GDP" : "0",
        "Population" : "0",
        "Capital" : "Ashgabat",
        "Name" : "Turkmenistan"
      },
      "name" : "Turkmenistan"
    }, {
      "attributes" : {
        "Continent" : "Asia",
        "GDP" : "0",
        "Population" : "0",
        "Capital" : "Abu Dhabi",
        "Name" : "United Arab Emirates"
      },
      "name" : "United Arab Emirates"
    }, {
      "attributes" : {
        "Continent" : "Asia",
        "GDP" : "0",
        "Population" : "0",
        "Capital" : "Tashkent",
        "Name" : "Uzbekistan"
      },
      "name" : "Uzbekistan"
    }, {
      "attributes" : {
        "Continent" : "Asia",
        "GDP" : "0",
        "Population" : "0",
        "Capital" : "Hanoi",
        "Name" : "Viet Nam"
      },
      "name" : "Viet Nam"
    }, {
      "attributes" : {
        "Continent" : "Asia",
        "GDP" : "0",
        "Population" : "0",
        "Capital" : "Sana'a",
        "Name" : "Yemen"
      },
      "name" : "Yemen"
    } ],
    "Europe" : [ {
      "attributes" : {
        "Continent" : "Europe",
        "GDP" : "0",
        "Population" : "0",
        "Capital" : "Tirana",
        "Name" : "Albania"
      },
      "name" : "Albania"
    }, {
      "attributes" : {
        "Continent" : "Europe",
        "GDP" : "0",
        "Population" : "0",
        "Capital" : "Andorra la Vella",
        "Name" : "Andorra"
      },
      "name" : "Andorra"
    }, {
      "attributes" : {
        "Continent" : "Europe",
        "GDP" : "0",
        "Population" : "0",
        "Capital" : "Yerevan",
        "Name" : "Armenia"
      },
      "name" : "Armenia"
    }, {
      "attributes" : {
        "Continent" : "Europe",
        "GDP" : "0",
        "Population" : "0",
        "Capital" : "Vienna",
        "Name" : "Austria"
      },
      "name" : "Austria"
    }, {
      "attributes" : {
        "Continent" : "Europe",
        "GDP" : "0",
        "Population" : "0",
        "Capital" : "Baku",
        "Name" : "Azerbaijan"
      },
      "name" : "Azerbaijan"
    }, {
      "attributes" : {
        "Continent" : "Europe",
        "GDP" : "0",
        "Population" : "0",
        "Capital" : "Minsk",
        "Name" : "Belarus"
      },
      "name" : "Belarus"
    }, {
      "attributes" : {
        "Continent" : "Europe",
        "GDP" : "0",
        "Population" : "0",
        "Capital" : "Brussels",
        "Name" : "Belgium"
      },
      "name" : "Belgium"
    }, {
      "attributes" : {
        "Continent" : "Europe",
        "GDP" : "0",
        "Population" : "0",
        "Capital" : "Sarajevo",
        "Name" : "Bosnia and Herzegovina"
      },
      "name" : "Bosnia and Herzegovina"
    }, {
      "attributes" : {
        "Continent" : "Europe",
        "GDP" : "0",
        "Population" : "0",
        "Capital" : "Sofia",
        "Name" : "Bulgaria"
      },
      "name" : "Bulgaria"
    }, {
      "attributes" : {
        "Continent" : "Europe",
        "GDP" : "0",
        "Population" : "0",
        "Capital" : "Zagreb",
        "Name" : "Croatia"
      },
      "name" : "Croatia"
    }, {
      "attributes" : {
        "Continent" : "Europe",
        "GDP" : "0",
        "Population" : "0",
        "Capital" : "Nicosia",
        "Name" : "Cyprus"
      },
      "name" : "Cyprus"
    }, {
      "attributes" : {
        "Continent" : "Europe",
        "GDP" : "0",
        "Population" : "0",
        "Capital" : "Prague",
        "Name" : "Czechia"
      },
      "name" : "Czechia"
    }, {
      "attributes" : {
        "Continent" : "Europe",
        "GDP" : "0",
        "Population" : "0",
        "Capital" : "Djibouti",
        "Name" : "Denmark"
      },
      "name" : "Denmark"
    }, {
      "attributes" : {
        "Continent" : "Europe",
        "GDP" : "0",
        "Population" : "0",
        "Capital" : "Asmara",
        "Name" : "Estonia"
      },
      "name" : "Estonia"
    }, {
      "attributes" : {
        "Continent" : "Europe",
        "GDP" : "0",
        "Population" : "0",
        "Capital" : "Palikir",
        "Name" : "Finland"
      },
      "name" : "Finland"
    }, {
      "attributes" : {
        "Continent" : "Europe",
        "GDP" : "0",
        "Population" : "0",
        "Capital" : "Suva",
        "Name" : "France"
      },
      "name" : "France"
    }, {
      "attributes" : {
        "Continent" : "Europe",
        "GDP" : "0",
        "Population" : "0",
        "Capital" : "Cayenne",
        "Name" : "Georgia"
      },
      "name" : "Georgia"
    }, {
      "attributes" : {
        "Continent" : "Europe",
        "GDP" : "0",
        "Population" : "0",
        "Capital" : "Libreville",
        "Name" : "Germany"
      },
      "name" : "Germany"
    }, {
      "attributes" : {
        "Continent" : "Europe",
        "GDP" : "0",
        "Population" : "0",
        "Capital" : "Tbilisi",
        "Name" : "Greece"
      },
      "name" : "Greece"
    }, {
      "attributes" : {
        "Continent" : "Europe",
        "GDP" : "0",
        "Population" : "0",
        "Capital" : "Bissau",
        "Name" : "Holy See"
      },
      "name" : "Holy See"
    }, {
      "attributes" : {
        "Continent" : "Europe",
        "GDP" : "0",
        "Population" : "0",
        "Capital" : "Port au Prince",
        "Name" : "Hungary"
      },
      "name" : "Hungary"
    }, {
      "attributes" : {
        "Continent" : "Europe",
        "GDP" : "0",
        "Population" : "0",
        "Capital" : "Tegucigalpa",
        "Name" : "Iceland"
      },
      "name" : "Iceland"
    }, {
      "attributes" : {
        "Continent" : "Europe",
        "GDP" : "0",
        "Population" : "0",
        "Capital" : "Tehran",
        "Name" : "Ireland"
      },
      "name" : "Ireland"
    }, {
      "attributes" : {
        "Continent" : "Europe",
        "GDP" : "0",
        "Population" : "0",
        "Capital" : "Dublin",
        "Name" : "Italy"
      },
      "name" : "Italy"
    }, {
      "attributes" : {
        "Continent" : "Europe",
        "GDP" : "0",
        "Population" : "0",
        "Capital" : "Nairobi",
        "Name" : "Kosovo"
      },
      "name" : "Kosovo"
    }, {
      "attributes" : {
        "Continent" : "Europe",
        "GDP" : "0",
        "Population" : "0",
        "Capital" : "Bishkek",
        "Name" : "Latvia"
      },
      "name" : "Latvia"
    }, {
      "attributes" : {
        "Continent" : "Europe",
        "GDP" : "0",
        "Population" : "0",
        "Capital" : "Monrovia",
        "Name" : "Liechtenstein"
      },
      "name" : "Liechtenstein"
    }, {
      "attributes" : {
        "Continent" : "Europe",
        "GDP" : "0",
        "Population" : "0",
        "Capital" : "Tripoli",
        "Name" : "Lithuania"
      },
      "name" : "Lithuania"
    }, {
      "attributes" : {
        "Continent" : "Europe",
        "GDP" : "0",
        "Population" : "0",
        "Capital" : "Vaduz",
        "Name" : "Luxembourg"
      },
      "name" : "Luxembourg"
    }, {
      "attributes" : {
        "Continent" : "Europe",
        "GDP" : "0",
        "Population" : "0",
        "Capital" : "Male",
        "Name" : "Malta"
      },
      "name" : "Malta"
    }, {
      "attributes" : {
        "Continent" : "Europe",
        "GDP" : "0",
        "Population" : "0",
        "Capital" : "Bamako",
        "Name" : "Manaco"
      },
      "name" : "Manaco"
    }, {
      "attributes" : {
        "Continent" : "Europe",
        "GDP" : "0",
        "Population" : "0",
        "Capital" : "Monaco",
        "Name" : "Moldova"
      },
      "name" : "Moldova"
    }, {
      "attributes" : {
        "Continent" : "Europe",
        "GDP" : "0",
        "Population" : "0",
        "Capital" : "Podgorica",
        "Name" : "Montenegro"
      },
      "name" : "Montenegro"
    }, {
      "attributes" : {
        "Continent" : "Europe",
        "GDP" : "0",
        "Population" : "0",
        "Capital" : "Kathmandu",
        "Name" : "Netherlands"
      },
      "name" : "Netherlands"
    }, {
      "attributes" : {
        "Continent" : "Europe",
        "GDP" : "0",
        "Population" : "0",
        "Capital" : "Skopje",
        "Name" : "North Macedonia"
      },
      "name" : "North Macedonia"
    }, {
      "attributes" : {
        "Continent" : "Europe",
        "GDP" : "0",
        "Population" : "0",
        "Capital" : "Belfast",
        "Name" : "Norway"
      },
      "name" : "Norway"
    }, {
      "attributes" : {
        "Continent" : "Europe",
        "GDP" : "0",
        "Population" : "0",
        "Capital" : "Warsaw",
        "Name" : "Poland"
      },
      "name" : "Poland"
    }, {
      "attributes" : {
        "Continent" : "Europe",
        "GDP" : "0",
        "Population" : "0",
        "Capital" : "Lisbon",
        "Name" : "Portugal"
      },
      "name" : "Portugal"
    }, {
      "attributes" : {
        "Continent" : "Europe",
        "GDP" : "0",
        "Population" : "0",
        "Capital" : "Bucharest",
        "Name" : "Romania"
      },
      "name" : "Romania"
    }, {
      "attributes" : {
        "Continent" : "Europe",
        "GDP" : "0",
        "Population" : "0",
        "Capital" : "San Marino",
        "Name" : "San Marino"
      },
      "name" : "San Marino"
    }, {
      "attributes" : {
        "Continent" : "Europe",
        "GDP" : "0",
        "Population" : "0",
        "Capital" : "Belgrade",
        "Name" : "Serbia"
      },
      "name" : "Serbia"
    }, {
      "attributes" : {
        "Continent" : "Europe",
        "GDP" : "0",
        "Population" : "0",
        "Capital" : "Bratislava",
        "Name" : "Slovakia"
      },
      "name" : "Slovakia"
    }, {
      "attributes" : {
        "Continent" : "Europe",
        "GDP" : "0",
        "Population" : "0",
        "Capital" : "Ljubljana",
        "Name" : "Slovenia"
      },
      "name" : "Slovenia"
    }, {
      "attributes" : {
        "Continent" : "Europe",
        "GDP" : "0",
        "Population" : "0",
        "Capital" : "Madrid",
        "Name" : "Spain"
      },
      "name" : "Spain"
    }, {
      "attributes" : {
        "Continent" : "Europe",
        "GDP" : "0",
        "Population" : "0",
        "Capital" : "Stockholm",
        "Name" : "Sweden"
      },
      "name" : "Sweden"
    }, {
      "attributes" : {
        "Continent" : "Europe",
        "GDP" : "0",
        "Population" : "0",
        "Capital" : "Bern",
        "Name" : "Switzerland"
      },
      "name" : "Switzerland"
    }, {
      "attributes" : {
        "Continent" : "Europe",
        "GDP" : "0",
        "Population" : "0",
        "Capital" : "Kiev",
        "Name" : "Ukraine"
      },
      "name" : "Ukraine"
    }, {
      "attributes" : {
        "Continent" : "Europe",
        "GDP" : "0",
        "Population" : "0",
        "Capital" : "London",
        "Name" : "United Kingdom"
      },
      "name" : "United Kingdom"
    } ],
    "Africa" : [ {
      "attributes" : {
        "Continent" : "Africa",
        "GDP" : "0",
        "Population" : "0",
        "Capital" : "Algiers",
        "Name" : "Algeria"
      },
      "name" : "Algeria"
    }, {
      "attributes" : {
        "Continent" : "Africa",
        "GDP" : "0",
        "Population" : "0",
        "Capital" : "Luanda",
        "Name" : "Angola"
      },
      "name" : "Angola"
    }, {
      "attributes" : {
        "Continent" : "Africa",
        "GDP" : "0",
        "Population" : "0",
        "Capital" : "Porto Novo",
        "Name" : "Benin"
      },
      "name" : "Benin"
    }, {
      "attributes" : {
        "Continent" : "Africa",
        "GDP" : "0",
        "Population" : "0",
        "Capital" : "Gaborone",
        "Name" : "Botswana"
      },
      "name" : "Botswana"
    }, {
      "attributes" : {
        "Continent" : "Africa",
        "GDP" : "0",
        "Population" : "0",
        "Capital" : "Ouagadougou",
        "Name" : "Burkina Faso"
      },
      "name" : "Burkina Faso"
    }, {
      "attributes" : {
        "Continent" : "Africa",
        "GDP" : "0",
        "Population" : "0",
        "Capital" : "Gitega",
        "Name" : "Burundi"
      },
      "name" : "Burundi"
    }, {
      "attributes" : {
        "Continent" : "Africa",
        "GDP" : "0",
        "Population" : "0",
        "Capital" : "Phnom Penh",
        "Name" : "Cabo Verde"
      },
      "name" : "Cabo Verde"
    }, {
      "attributes" : {
        "Continent" : "Africa",
        "GDP" : "0",
        "Population" : "0",
        "Capital" : "Ottawa",
        "Name" : "Cameroon"
      },
      "name" : "Cameroon"
    }, {
      "attributes" : {
        "Continent" : "Africa",
        "GDP" : "0",
        "Population" : "0",
        "Capital" : "Bangui",
        "Name" : "Central African Republic"
      },
      "name" : "Central African Republic"
    }, {
      "attributes" : {
        "Continent" : "Africa",
        "GDP" : "0",
        "Population" : "0",
        "Capital" : "N'Djamena",
        "Name" : "Chad"
      },
      "name" : "Chad"
    }, {
      "attributes" : {
        "Continent" : "Africa",
        "GDP" : "0",
        "Population" : "0",
        "Capital" : "Moroni",
        "Name" : "Comoros"
      },
      "name" : "Comoros"
    }, {
      "attributes" : {
        "Continent" : "Africa",
        "GDP" : "0",
        "Population" : "0",
        "Capital" : "Kinshasa",
        "Name" : "Congo"
      },
      "name" : "Congo"
    }, {
      "attributes" : {
        "Continent" : "Africa",
        "GDP" : "0",
        "Population" : "0",
        "Capital" : "Yamoussoukro",
        "Name" : "Cote dIvoire"
      },
      "name" : "Cote dIvoire"
    }, {
      "attributes" : {
        "Continent" : "Africa",
        "GDP" : "0",
        "Population" : "0",
        "Capital" : "Copenhagen",
        "Name" : "Democratic Republic of Congo"
      },
      "name" : "Democratic Republic of Congo"
    }, {
      "attributes" : {
        "Continent" : "Africa",
        "GDP" : "0",
        "Population" : "0",
        "Capital" : "Roseau",
        "Name" : "Djibouti"
      },
      "name" : "Djibouti"
    }, {
      "attributes" : {
        "Continent" : "Africa",
        "GDP" : "0",
        "Population" : "0",
        "Capital" : "Cairo",
        "Name" : "Egypt"
      },
      "name" : "Egypt"
    }, {
      "attributes" : {
        "Continent" : "Africa",
        "GDP" : "0",
        "Population" : "0",
        "Capital" : "London",
        "Name" : "Equatorial Guinea"
      },
      "name" : "Equatorial Guinea"
    }, {
      "attributes" : {
        "Continent" : "Africa",
        "GDP" : "0",
        "Population" : "0",
        "Capital" : "Malabo",
        "Name" : "Eritrea"
      },
      "name" : "Eritrea"
    }, {
      "attributes" : {
        "Continent" : "Africa",
        "GDP" : "0",
        "Population" : "0",
        "Capital" : "Tallinn",
        "Name" : "Eswatini"
      },
      "name" : "Eswatini"
    }, {
      "attributes" : {
        "Continent" : "Africa",
        "GDP" : "0",
        "Population" : "0",
        "Capital" : "Mbabana",
        "Name" : "Ethiopia"
      },
      "name" : "Ethiopia"
    }, {
      "attributes" : {
        "Continent" : "Africa",
        "GDP" : "0",
        "Population" : "0",
        "Capital" : "Helsinki",
        "Name" : "Gabon"
      },
      "name" : "Gabon"
    }, {
      "attributes" : {
        "Continent" : "Africa",
        "GDP" : "0",
        "Population" : "0",
        "Capital" : "Paris",
        "Name" : "Gambia"
      },
      "name" : "Gambia"
    }, {
      "attributes" : {
        "Continent" : "Africa",
        "GDP" : "0",
        "Population" : "0",
        "Capital" : "Banjul",
        "Name" : "Ghana"
      },
      "name" : "Ghana"
    }, {
      "attributes" : {
        "Continent" : "Africa",
        "GDP" : "0",
        "Population" : "0",
        "Capital" : "Athens",
        "Name" : "Guinea-Bissau"
      },
      "name" : "Guinea-Bissau"
    }, {
      "attributes" : {
        "Continent" : "Africa",
        "GDP" : "0",
        "Population" : "0",
        "Capital" : "Saint George's",
        "Name" : "Guinea"
      },
      "name" : "Guinea"
    }, {
      "attributes" : {
        "Continent" : "Africa",
        "GDP" : "0",
        "Population" : "0",
        "Capital" : "Amman",
        "Name" : "Kenya"
      },
      "name" : "Kenya"
    }, {
      "attributes" : {
        "Continent" : "Africa",
        "GDP" : "0",
        "Population" : "0",
        "Capital" : "Riga",
        "Name" : "Lesotho"
      },
      "name" : "Lesotho"
    }, {
      "attributes" : {
        "Continent" : "Africa",
        "GDP" : "0",
        "Population" : "0",
        "Capital" : "Beirut",
        "Name" : "Liberia"
      },
      "name" : "Liberia"
    }, {
      "attributes" : {
        "Continent" : "Africa",
        "GDP" : "0",
        "Population" : "0",
        "Capital" : "Maseru",
        "Name" : "Libya"
      },
      "name" : "Libya"
    }, {
      "attributes" : {
        "Continent" : "Africa",
        "GDP" : "0",
        "Population" : "0",
        "Capital" : "Vilnius",
        "Name" : "Madagascar"
      },
      "name" : "Madagascar"
    }, {
      "attributes" : {
        "Continent" : "Africa",
        "GDP" : "0",
        "Population" : "0",
        "Capital" : "Luxembourg",
        "Name" : "Malawi"
      },
      "name" : "Malawi"
    }, {
      "attributes" : {
        "Continent" : "Africa",
        "GDP" : "0",
        "Population" : "0",
        "Capital" : "Kuala Lumpur",
        "Name" : "Mali"
      },
      "name" : "Mali"
    }, {
      "attributes" : {
        "Continent" : "Africa",
        "GDP" : "0",
        "Population" : "0",
        "Capital" : "Majuro",
        "Name" : "Mauritania"
      },
      "name" : "Mauritania"
    }, {
      "attributes" : {
        "Continent" : "Africa",
        "GDP" : "0",
        "Population" : "0",
        "Capital" : "Nouakchott",
        "Name" : "Mauritius"
      },
      "name" : "Mauritius"
    }, {
      "attributes" : {
        "Continent" : "Africa",
        "GDP" : "0",
        "Population" : "0",
        "Capital" : "Rabat",
        "Name" : "Morocco"
      },
      "name" : "Morocco"
    }, {
      "attributes" : {
        "Continent" : "Africa",
        "GDP" : "0",
        "Population" : "0",
        "Capital" : "Maputo",
        "Name" : "Mozambique"
      },
      "name" : "Mozambique"
    }, {
      "attributes" : {
        "Continent" : "Africa",
        "GDP" : "0",
        "Population" : "0",
        "Capital" : "Nay Pyi Taw",
        "Name" : "Nambia"
      },
      "name" : "Nambia"
    }, {
      "attributes" : {
        "Continent" : "Africa",
        "GDP" : "0",
        "Population" : "0",
        "Capital" : "Managua",
        "Name" : "Niger"
      },
      "name" : "Niger"
    }, {
      "attributes" : {
        "Continent" : "Africa",
        "GDP" : "0",
        "Population" : "0",
        "Capital" : "Niamey",
        "Name" : "Nigeria"
      },
      "name" : "Nigeria"
    }, {
      "attributes" : {
        "Continent" : "Africa",
        "GDP" : "0",
        "Population" : "0",
        "Capital" : "Kigali",
        "Name" : "Rwanda"
      },
      "name" : "Rwanda"
    }, {
      "attributes" : {
        "Continent" : "Africa",
        "GDP" : "0",
        "Population" : "0",
        "Capital" : "Sao Tome",
        "Name" : "Sao Tome and Principe"
      },
      "name" : "Sao Tome and Principe"
    }, {
      "attributes" : {
        "Continent" : "Africa",
        "GDP" : "0",
        "Population" : "0",
        "Capital" : "Dakar",
        "Name" : "Sengal"
      },
      "name" : "Sengal"
    }, {
      "attributes" : {
        "Continent" : "Africa",
        "GDP" : "0",
        "Population" : "0",
        "Capital" : "Victoria",
        "Name" : "Seychelles"
      },
      "name" : "Seychelles"
    }, {
      "attributes" : {
        "Continent" : "Africa",
        "GDP" : "0",
        "Population" : "0",
        "Capital" : "Freetown",
        "Name" : "Sierra Leone"
      },
      "name" : "Sierra Leone"
    }, {
      "attributes" : {
        "Continent" : "Africa",
        "GDP" : "0",
        "Population" : "0",
        "Capital" : "Mogadishu",
        "Name" : "Somalia"
      },
      "name" : "Somalia"
    }, {
      "attributes" : {
        "Continent" : "Africa",
        "GDP" : "0",
        "Population" : "0",
        "Capital" : "Pretoria",
        "Name" : "South Africa"
      },
      "name" : "South Africa"
    }, {
      "attributes" : {
        "Continent" : "Africa",
        "GDP" : "0",
        "Population" : "0",
        "Capital" : "Juba",
        "Name" : "South Sudan"
      },
      "name" : "South Sudan"
    }, {
      "attributes" : {
        "Continent" : "Africa",
        "GDP" : "0",
        "Population" : "0",
        "Capital" : "Khartoum",
        "Name" : "Sudan"
      },
      "name" : "Sudan"
    }, {
      "attributes" : {
        "Continent" : "Africa",
        "GDP" : "0",
        "Population" : "0",
        "Capital" : "Dodoma",
        "Name" : "Tanzania"
      },
      "name" : "Tanzania"
    }, {
      "attributes" : {
        "Continent" : "Africa",
        "GDP" : "0",
        "Population" : "0",
        "Capital" : "Lome",
        "Name" : "Togo"
      },
      "name" : "Togo"
    }, {
      "attributes" : {
        "Continent" : "Africa",
        "GDP" : "0",
        "Population" : "0",
        "Capital" : "Tunis",
        "Name" : "Tunisia"
      },
      "name" : "Tunisia"
    }, {
      "attributes" : {
        "Continent" : "Africa",
        "GDP" : "0",
        "Population" : "0",
        "Capital" : "Kampala",
        "Name" : "Uganda"
      },
      "name" : "Uganda"
    }, {
      "attributes" : {
        "Continent" : "Africa",
        "GDP" : "0",
        "Population" : "0",
        "Capital" : "Cardiff",
        "Name" : "Western Sahara"
      },
      "name" : "Western Sahara"
    }, {
      "attributes" : {
        "Continent" : "Africa",
        "GDP" : "0",
        "Population" : "0",
        "Capital" : "Lusaka",
        "Name" : "Zambia"
      },
      "name" : "Zambia"
    }, {
      "attributes" : {
        "Continent" : "Africa",
        "GDP" : "0",
        "Population" : "0",
        "Capital" : "Harare",
        "Name" : "Zimbabwe"
      },
      "name" : "Zimbabwe"
    } ],
    "North America" : [ {
      "attributes" : {
        "Continent" : "North America",
        "GDP" : "0",
        "Population" : "0",
        "Capital" : "Saint John's",
        "Name" : "Antigua and Barbuda"
      },
      "name" : "Antigua and Barbuda"
    }, {
      "attributes" : {
        "Continent" : "North America",
        "GDP" : "0",
        "Population" : "0",
        "Capital" : "Nassau",
        "Name" : "Bahamas"
      },
      "name" : "Bahamas"
    }, {
      "attributes" : {
        "Continent" : "North America",
        "GDP" : "0",
        "Population" : "0",
        "Capital" : "Bridgetown",
        "Name" : "Barbados"
      },
      "name" : "Barbados"
    }, {
      "attributes" : {
        "Continent" : "North America",
        "GDP" : "0",
        "Population" : "0",
        "Capital" : "Belmopan",
        "Name" : "Belize"
      },
      "name" : "Belize"
    }, {
      "attributes" : {
        "Continent" : "North America",
        "GDP" : "0",
        "Population" : "0",
        "Capital" : "Praia",
        "Name" : "Canada"
      },
      "name" : "Canada"
    }, {
      "attributes" : {
        "Continent" : "North America",
        "GDP" : "0",
        "Population" : "0",
        "Capital" : "San Jose",
        "Name" : "Costa Rica"
      },
      "name" : "Costa Rica"
    }, {
      "attributes" : {
        "Continent" : "North America",
        "GDP" : "0",
        "Population" : "0",
        "Capital" : "Havana",
        "Name" : "Cuba"
      },
      "name" : "Cuba"
    }, {
      "attributes" : {
        "Continent" : "North America",
        "GDP" : "0",
        "Population" : "0",
        "Capital" : "Santo Domingo",
        "Name" : "Dominica"
      },
      "name" : "Dominica"
    }, {
      "attributes" : {
        "Continent" : "North America",
        "GDP" : "0",
        "Population" : "0",
        "Capital" : "Dili",
        "Name" : "Dominican Republic"
      },
      "name" : "Dominican Republic"
    }, {
      "attributes" : {
        "Continent" : "North America",
        "GDP" : "0",
        "Population" : "0",
        "Capital" : "San Salvador",
        "Name" : "El Salvador"
      },
      "name" : "El Salvador"
    }, {
      "attributes" : {
        "Continent" : "North America",
        "GDP" : "0",
        "Population" : "0",
        "Capital" : "Berlin",
        "Name" : "Grenada"
      },
      "name" : "Grenada"
    }, {
      "attributes" : {
        "Continent" : "North America",
        "GDP" : "0",
        "Population" : "0",
        "Capital" : "Accra",
        "Name" : "Guatemala"
      },
      "name" : "Guatemala"
    }, {
      "attributes" : {
        "Continent" : "North America",
        "GDP" : "0",
        "Population" : "0",
        "Capital" : "Conakry",
        "Name" : "Haiti"
      },
      "name" : "Haiti"
    }, {
      "attributes" : {
        "Continent" : "North America",
        "GDP" : "0",
        "Population" : "0",
        "Capital" : "Georgetown",
        "Name" : "Honduras"
      },
      "name" : "Honduras"
    }, {
      "attributes" : {
        "Continent" : "North America",
        "GDP" : "0",
        "Population" : "0",
        "Capital" : "Tel Aviv",
        "Name" : "Jamaica"
      },
      "name" : "Jamaica"
    }, {
      "attributes" : {
        "Continent" : "North America",
        "GDP" : "0",
        "Population" : "0",
        "Capital" : "Mexico City",
        "Name" : "Mexico"
      },
      "name" : "Mexico"
    }, {
      "attributes" : {
        "Continent" : "North America",
        "GDP" : "0",
        "Population" : "0",
        "Capital" : "Wellington",
        "Name" : "Nicaragua"
      },
      "name" : "Nicaragua"
    }, {
      "attributes" : {
        "Continent" : "North America",
        "GDP" : "0",
        "Population" : "0",
        "Capital" : "Panama City",
        "Name" : "Panama"
      },
      "name" : "Panama"
    }, {
      "attributes" : {
        "Continent" : "North America",
        "GDP" : "0",
        "Population" : "0",
        "Capital" : "Basseterre",
        "Name" : "Saint Kitts and Nevis"
      },
      "name" : "Saint Kitts and Nevis"
    }, {
      "attributes" : {
        "Continent" : "North America",
        "GDP" : "0",
        "Population" : "0",
        "Capital" : "Castries",
        "Name" : "Saint Lucia"
      },
      "name" : "Saint Lucia"
    }, {
      "attributes" : {
        "Continent" : "North America",
        "GDP" : "0",
        "Population" : "0",
        "Capital" : "Kingstown",
        "Name" : "Saint Vinvent and the Grenadines"
      },
      "name" : "Saint Vinvent and the Grenadines"
    }, {
      "attributes" : {
        "Continent" : "North America",
        "GDP" : "0",
        "Population" : "0",
        "Capital" : "Port of Spain",
        "Name" : "Trinidad and Tobago"
      },
      "name" : "Trinidad and Tobago"
    }, {
      "attributes" : {
        "Continent" : "North America",
        "GDP" : "0",
        "Population" : "0",
        "Capital" : "Washington D.C.",
        "Name" : "United States of America"
      },
      "name" : "United States of America"
    } ]
  }
}